,importance
age,0.07442458744504103
triage_vital_sbp,0.06137921137591727
cc_strokealert,0.05737096460569933
cc_abdominalpain,0.05518426696517733
shock_index,0.052248774732065156
triage_vital_dbp,0.05211445698856063
spo2_rr_ratio,0.0501909527155246
pulse_pressure,0.04186033808314237
triage_vital_o2_device,0.04164844561090795
triage_glucose,0.040721280695506915
triage_vital_hr,0.039352721926574116
triage_vital_temp,0.03755459446463803
triage_vital_o2,0.03263909080075434
triage_vital_rr,0.026543609683936122
cc_chestpain,0.023799259256585093
cc_rash,0.023058040748110423
cc_suicidal,0.016084090923661743
cc_dentalpain,0.01582258560108084
cc_suture/stapleremoval,0.013453914839153985
cc_alcoholintoxication,0.013233163682119494
cc_medicationrefill,0.012636612715272798
respiratory_distress,0.011129014588481246
red_flag_tachypnea,0.010940259758626829
cc_shortnessofbreath,0.010821276243164011
cc_other,0.010487542887448593
cc_backpain,0.01030904623169727
cc_neurologicproblem,0.009799197516564152
red_flag_count,0.009244188961354646
cc_alteredmentalstatus,0.009070316717176702
cc_earpain,0.00792846665688983
cc_hypotension,0.007469049910622936
cc_psychiatricevaluation,0.007425478538371885
cc_kneepain,0.006727223970521548
cc_flankpain,0.006639698156343669
cc_emesis,0.0040762321433186356
cc_dizziness,0.0036834206942257747
red_flag_hyperglycaemia,0.003646780656486845
cc_headache-newonsetornewsymptoms,0.003639874828388445
cc_assaultvictim,0.003606371603214454
cc_fall,0.003349975930035642
cc_woundcheck,0.0032937357272945847
cc_sorethroat,0.0031388007412496157
cc_sicklecellpain,0.0030794568873406428
red_flag_hypoxia,0.0030250928018296457
cc_weakness,0.0029943529986386575
cc_motorvehiclecrash,0.0026810717712578264
cc_cough,0.002575529273444849
cc_blurredvision,0.0024433879784319414
cc_footpain,0.002372015887929589
cc_abscess,0.002255690736648474
cc_eyeproblem,0.002024674400688352
cc_fall>65,0.0018831165635173766
cc_medicalscreening,0.0018786794980019815
red_flag_hypothermia,0.0018778522612244773
cc_anklepain,0.0017637304365386785
cc_shoulderpain,0.0017544159739378167
cc_respiratorydistress,0.0015151420589401524
cc_woundre-evaluation,0.0015103865898436048
cc_gibleeding,0.001417590173368762
cc_syncope,0.0013869459918343836
cc_insectbite,0.0013134085427077165
cc_skinirritation,0.0012762854756151792
red_flag_bradycardia,0.001264991104348125
cc_abnormallab,0.0012192145896379176
cc_legpain,0.0011472095513172908
cc_skinproblem,0.001122874214000141
cc_legswelling,0.0011003688680208564
cc_trauma,0.001010800104011996
cc_drugproblem,0.0009692709648787594
cc_seizure-priorhxof,0.0009315613603252433
red_flag_fever,0.0009270969119870166
cc_medicalproblem,0.0008961236938645553
cc_unresponsive,0.0008860975828315473
cc_medicationproblem,0.0008781088986198109
cc_laceration,0.0008621146796692698
cc_lethargy,0.0008526713067749454
cc_dyspnea,0.0007749376460288078
cc_vaginalbleeding,0.0007686156803768085
cc_fever-9weeksto74years,0.0007483210513608902
cc_handpain,0.0007417259575198254
cc_feverimmunocompromised,0.0006949646210464279
cc_armpain,0.0006295724489103423
cc_headachere-evaluation,0.0006210173237233454
cc_neckpain,0.0006141705348836524
cc_fatigue,0.0005549356933473512
cc_alcoholproblem,0.0005427262849559421
cc_depression,0.000539894933493278
cc_diarrhea,0.0005396946822637417
cc_nausea,0.0005300864554163625
cc_fingerinjury,0.000514771147619936
cc_coldlikesymptoms,0.000486601327263253
cc_eyepain,0.00040772836463637594
cc_headache-recurrentorknowndxmigraines,0.00040427797589440205
cc_abdominalpainpregnant,0.0003806982559455018
cc_bleeding/bruising,0.0003421683419056337
cc_wristpain,0.000332626325420261
cc_elevatedbloodsugar-symptomatic,0.00029923787650963673
cc_hypertension,0.0002957071511801254
cc_extremitylaceration,0.0002634027072374293
cc_hippain,0.00025798203618352576
cc_modifiedtrauma,0.0002500002453254629
cc_tachycardia,0.00024868167079753725
cc_cyst,0.0002225552552321924
cc_femaleguproblem,0.00022045039380642865
cc_footinjury,0.00021974260337544966
cc_palpitations,0.00020986366250599865
cc_fingerpain,0.00019968688791337683
cc_maleguproblem,0.0001959211119992744
cc_nasalcongestion,0.00017710787512202316
cc_migraine,0.00016131446412384577
cc_ankleinjury,0.00015736489190879514
cc_breathingdifficulty,0.00013951301860959075
cc_epistaxis,0.0001376560400889033
cc_anxiety,0.00013739679537292296
cc_giproblem,0.0001228251184082625
cc_drug/alcoholassessment,0.00011291082012188657
cc_conjunctivitis,0.00011174776522641087
cc_dysuria,0.00010530177963817586
cc_toepain,0.0001024735595911609
cc_constipation,9.96216897085753e-05
cc_poisoning,8.838138339117317e-05
cc_urinarytractinfection,8.547179361253891e-05
cc_fever-75yearsorolder,7.326724706771603e-05
cc_uri,7.306295626018662e-05
cc_animalbite,7.150255566866238e-05
cc_elevatedbloodsugar-nosymptoms,7.036207122727376e-05
cc_handinjury,6.984447772319598e-05
cc_detoxevaluation,5.6569303117561894e-05
cc_eyeredness,5.61278181985364e-05
cc_facialpain,5.550897578558812e-05
cc_asthma,5.189061405960011e-05
cc_woundinfection,4.9998641773543256e-05
cc_generalizedbodyaches,4.485476406627195e-05
cc_allergicreaction,4.3934850471510656e-05
cc_urinaryretention,4.1933172498451314e-05
cc_hematuria,4.1052292866887316e-05
cc_psychoticsymptoms,4.0874287601744905e-05
cc_headinjury,3.89203397040537e-05
cc_hallucinations,3.8487664434361784e-05
cc_pelvicpain,3.65873373662696e-05
cc_facialswelling,3.288420185230459e-05
cc_testiclepain,2.8677942786185245e-05
cc_nearsyncope,2.672495619891637e-05
cc_stdcheck,2.6248666073913042e-05
cc_decreasedbloodsugar-symptomatic,2.306974992090488e-05
cc_numbness,2.117719975499235e-05
cc_arminjury,2.058931575339941e-05
cc_follow-upcellulitis,2.0506451695332176e-05
cc_oralswelling,1.8104281057920306e-05
cc_groinpain,1.7321120696780535e-05
cc_confusion,1.543698293872791e-05
cc_hemoptysis,1.449716916336913e-05
cc_post-opproblem,1.3105325181044842e-05
cc_otalgia,1.2605396720432242e-05
cc_leginjury,1.2144742769418577e-05
cc_vaginaldischarge,1.0716200387619679e-05
cc_footswelling,1.0089175158593521e-05
cc_kneeinjury,1.0018425596571919e-05
cc_withdrawal-alcohol,9.797618224251224e-06
cc_overdose-intentional,9.638990367720805e-06
cc_wheezing,8.095610325654739e-06
cc_fever,6.48975984750726e-06
cc_edema,6.318970082640262e-06
cc_breastpain,5.266713622321466e-06
cc_rectalpain,5.074100811801735e-06
cc_ribpain,3.566940894219911e-06
cc_headache,3.1192951561392477e-06
cc_epigastricpain,2.794738894304498e-06
cc_chesttightness,2.711070348614578e-06
cc_jointswelling,2.465497622635628e-06
cc_elbowpain,2.3442076743078283e-06
cc_armswelling,2.3143676847278494e-06
cc_chills,1.7623606602732756e-06
cc_rapidheartrate,1.7492534988279207e-06
cc_lossofconsciousness,1.693728749045194e-06
cc_abdominaldistention,0.0
cc_facialinjury,0.0
cc_urinaryfrequency,0.0
cc_eyeinjury,0.0
cc_extremityweakness,0.0
cc_exposuretostd,0.0
cc_abdominalcramping,0.0
cc_vaginalpain,0.0
cc_bodyfluidexposure,0.0
cc_burn,0.0
cc_breathingproblem,0.0
cc_earproblem,0.0
cc_dehydration,0.0
cc_wristinjury,0.0
cc_faciallaceration,0.0
cc_cellulitis,0.0
cc_cardiacarrest,0.0
cc_panicattack,0.0
cc_tickremoval,0.0
cc_fingerswelling,0.0
cc_toeinjury,0.0
cc_overdose-accidental,0.0
cc_multiplefalls,0.0
cc_rectalbleeding,0.0
cc_motorcyclecrash,0.0
cc_ribinjury,0.0
cc_seizure-newonset,0.0
cc_mass,0.0
cc_seizures,0.0
cc_shoulderinjury,0.0
cc_jawpain,0.0
cc_sinusproblem,0.0
cc_irregularheartbeat,0.0
cc_ingestion,0.0
cc_influenza,0.0
cc_hyperglycemia,0.0
cc_homicidal,0.0
cc_agitation,0.0
cc_addictionproblem,0.0
cc_swallowedforeignbody,0.0
cc_fulltrauma,0.0
cc_foreignbodyineye,0.0
cc_thumbinjury,0.0
cc_pain,0.0
cc_headlaceration,0.0
